商品名,价格,概述,来源
"威刚（ADATA）32GB DDR5 5600 笔记本内存 万紫千红","¥ 3199"," 已售8000+ 8500+人种草","威刚京东自营旗舰店"
"威刚（ADATA） 威刚(ADATA)万紫千红 DDR5 5600 16/32GB 笔记本内存条 ddr5内存条 笔记本内存 DDR5 4800 32G","¥ 3399"," 已售300+ 100%好评","威刚ADATA旗舰店"
"金士顿 (Kingston) 32GB DDR5 5600 笔记本内存条","¥ 3559"," 已售2万+ 200+人复购","金士顿京东自营旗舰店"
"GEIL金邦 笔记本内存条 DDR5 笔记本电脑内存条 第五代内存条 5600 5200 4800 MHZ 运行内存 笔记本 32G DDR5-5600","¥ 2399"," 已售7000+ 500+人种草","GEIL旗舰店"
"威刚 (ADATA) 龙耀 64GB(32G×2) DDR5 6000 CL30 海力士A die颗粒 电竞RGB内存条 XPG D500G 釉白","¥ 8099","已售1万+","威刚京东自营旗舰店"
"英睿达（crucial）32GB DDR5 4800 笔记本内存条 美光（原镁光）原厂颗粒 AI电脑配件","¥ 3479"," 已售20万+ 30天种草飙升5倍","英睿达京东自营旗舰店"
"机械师星辰笔记本内存条 DDR5 16G/24G/32G 5600MHz频率 C46时序 海力士颗粒迷你主机笔记本电脑升级扩容 5600MHz 星辰系列32G*1镁光颗粒","¥ 2299"," 已售1000+ 600+人种草","双盈外设产品专营店"
"联想（Lenovo）拯救者Y系列 32GB DDR5 5600频率 笔记本内存条 三星原厂颗粒 AI电脑配件","¥ 3399"," 已售1万+ 30天加购飙升5倍","联想京东自营旗舰店"
"金士顿（Kingston） FURY Impact 32GBx2 DDR5 5600MHz 笔记本内存条 CL40 黑色 双通道低功耗 黑色//白色 64gb","¥ 5792 . 96","1000+人看过","亚马逊海外官方旗舰店"
"GEIL金邦 32G DDR5-5600 笔记本内存条 千禧系列","¥ 2399"," 已售1万+ 3800+人种草","GEIL存储京东自营旗舰店"
"英睿达（crucial）32GB DDR5 5600 笔记本内存条 美光（原镁光）原厂颗粒 AI电脑配件","¥ 3379"," 已售20万+ 30天种草飙升5倍","英睿达京东自营旗舰店"
"海力士全新海力士 SK镁光DDR5 16G 4800 5600 32G 笔记本电脑内存8G 【下单前务必要咨询客服库存】"," ¥ 739 . 6 包邮"," 1000+人看过 100%好评","天马流星小店"
"威刚（ADATA）龙耀D500G 适配9800X3D XMP EXPO DDR5 32G/48G/64G套装 海力士A-die/M-die RO姬联名 ddr5内存条 9800X3D专用 6000 16*2RO姬C26","¥ 4539","已售1000+","威刚ADATA旗舰店"
"SK 海力士 DDR5 笔记本内存条 5600 原厂Adie Mdie颗粒 32GB DDR5 5600MHZ(单条）","¥ 3199"," 已售300+ 900+人种草","SK内存官方旗舰店"
"Mirox镁光Micron 原厂 DDR5 4800 5200 5600 PC5五代笔记本电脑运行内存条美光 适配枪神天选联想拯救者 DDR5 | 4800 |32G"," ¥ 2501 包邮"," 已售1000+ 100%好评","浩然电脑配件专营店"
"GEIL金邦 32GB(16GBx2) DDR5 4800 笔记本内存条 千禧系列","¥ 2199"," 已售1万+ 2500+人种草","GEIL存储京东自营旗舰店"
"三星（SAMSUNG）笔记本内存条DDR5 6400/5600/4800 32G/16G/8G兼容联想 惠普华硕天选 电脑运行升级 畅快游戏 5600MHz DDR5 16GB 1条","¥ 1599","2000+人看过","天运电脑配件专营店"
"GEIL金邦 笔记本内存条 DDR5 笔记本电脑内存条 第五代内存条 5600 5200 4800 MHZ 运行内存 笔记本 32G(16GX2)套条 4800","¥ 2198"," 已售7000+ 1800+人种草","GEIL旗舰店"
"Mirox镁光Micron 原厂 DDR5 4800 5200 5600 PC5五代笔记本电脑运行内存条美光 适配枪神天选联想拯救者 DDR5 | 5200 |32G"," ¥ 2904 包邮"," 已售1000+ 900+人种草","浩然电脑配件专营店"
"GEAD机械革命极光Pro 耀世 翼龙 旷世16Pro 蛟龙16K DDR5 5600 4800 五代笔记本电脑内存条 无界14x/Pro/SUPER 32GB 1条","¥ 2929"," 已售200+ 100%好评","浩然电脑配件专营店"
"雷克沙（Lexar）DDR5 6400 64GB(32GB×2)套条 电竞RGB灯条内存条 CL42 AI部署一步到位 Thor雷神之刃二代 黑色","¥ 5199","已售5000+","Lexar雷克沙京东自营旗舰店"
"三星 SAMSUNG 笔记本内存条 32G DDR5 5600频率","¥ 3499"," 已售10万+ 100+人复购","三星内存京东自营旗舰店"
"Mirox镁光Micron 原厂 DDR5 4800 5200 5600 PC5五代笔记本电脑运行内存条美光 适配枪神天选联想拯救者 DDR5 | 5600 |32G"," ¥ 2904 包邮"," 已售1000+ 100%好评","浩然电脑配件专营店"
"SKHY 海力士 DDR5 PC5 SODIMM 笔记本电脑内存条 32G DDR5 4800MHZ (32GX1) 单条","¥ 2999"," 已售800+ 99%好评","SKHY旗舰店"
"威刚（ADATA） 威刚(ADATA)万紫千红 DDR5 5600 16/32GB 笔记本内存条 ddr5内存条 笔记本内存 DDR5 5600 32G","¥ 3199","已售300+","威刚ADATA旗舰店"
"金士顿内存条第五代笔记本内存条 DDR5 5600频 32G 普条 精选颗粒","¥ 3299"," 已售400+ 200+人种草","金士顿Kingston官方旗舰店"
"SK HYNIX海力士ddr5 笔记本内存条 4800 5600 适配 联想拯救者Y7000 Y9000P R7000 R9000P DDR5 4800频率 32GB 1条 单通道","¥ 3099"," 13人看过 75%好评","SK HYNIX云购存储专卖店"
"SK HYNIX海力士 DDR5 4800 5600 6400笔记本便捷式服务器纯ECC校验纠错内存条 适用群晖NAS联想戴尔工作站 32G DDR5 4800 ECC SODIMM","¥ 3999"," 93人看过 100%好评","SK HYNIX云购存储专卖店"
"三星（SAMSUNG）笔记本内存条DDR5 6400/5600/4800 32G/16G/8G兼容联想 惠普华硕天选 电脑运行升级 畅快游戏 5600MHz E-DIE DDR5 32GB 1条","¥ 3199","100+人看过","天运电脑配件专营店"
"SK HYNIX海力士DDR4 3200 16G 4代笔记本一体机内存条 DDR5 电脑游戏内存 32GB DDR5 5600MHz","¥ 3299"," 52条评价 100%好评","绿速通旗舰店"
"GEIL金邦 32GB(16GBx2) DDR5 5200 笔记本内存条 千禧系列","¥ 2559"," 已售1万+ 1200+人种草","GEIL存储京东自营旗舰店"
"SK HYNIX/海力士 DDR5 PC5 笔记本内存条 A代五代小绿条现代 准系统迷你主机一体机 NAS 双通道Adie mdie 32G DDR5 4800单条","¥ 3499"," 已售4000+ 100+人种草","四福存储专营店"
"威刚（ADATA） 威刚(ADATA)万紫千红 DDR5 5600 16/32GB 笔记本内存条 ddr5内存条 笔记本内存 DDR5 5600 32G","¥ 3199","已售300+","威刚ADATA旗舰店"
"SK HYNIX海力士 DDR5 4800 5600 6400 笔记本内存条 原厂海力士Adie Mdie颗粒 32G | DDR5 | 4800MHz | 单条","¥ 3099"," 已售1万+ 400+人种草","金颐内存专营店"
"SKHY 海力士 DDR5 PC5 SODIMM 笔记本电脑内存条 32G DDR5 5600MHZ (32GX1) 单条","¥ 2999"," 已售800+ 100+人种草","SKHY旗舰店"
"汉存（HC）笔记本内存条DDR5 16G 4800 5200 5600MHz运行频率第五代笔记本电脑内存条严选颗粒 笔记本 DDR5 32G 4800","¥ 2299"," 已售200+ 200+人种草","汉存HC官方旗舰店"
"其他品牌三星SAMSUNG原厂笔记本内存条 8GB/16GB/32GB DDR5/DDR4适用于群晖绿联 三星ddr5笔记本内存条32G 4800单","¥ 2789","400+人看过","硬盘固态NAS存储拼购店"
"SK HYNIX海力士 DDR5 4800 5600 6400 笔记本内存条 原厂海力士Adie Mdie颗粒 32G(16G*2) DDR5 4800MHz套条","¥ 3315"," 已售1万+ 30天加购飙升5倍","金颐内存专营店"
"三星原装8G 1RX16 DDR5 4800B SODI笔记本内存条M425R1GB4BB0-CQK0D","¥ 498 . 52"," 40人看过 100%好评","忻悦科技数码店"
"GEIL金邦 笔记本内存条 DDR5 笔记本电脑内存条 第五代内存条 5600 5200 4800 MHZ 运行内存 笔记本 32G(16GX2)套条 5600","¥ 2598"," 已售7000+ 900+人种草","GEIL旗舰店"
"疆珑i9蛟龙 DDR5内存条电竞16GBx2/32GB超频RGB灯条特挑海力士A/M-die颗粒台式电脑 XMP3.0/EXPO 16Gx2 6000白 i9蛟龙RGB灯条 C30B","¥ 3449","1人看过","疆珑存储旗舰店"
"SK HYNIX海力士 DDR5 4800 5600 6400 笔记本内存条 原厂海力士Adie Mdie颗粒 32G(16G*2) DDR5 5600MHz套条","¥ 3395"," 已售1万+ 30天加购飙升5倍","金颐内存专营店"
"英睿达（crucial）美光 DDR5 6400 PC5 笔记本电脑内存条 镁光原厂颗粒 高频稳定 ECC纠错 支持JEDEC intel Ultra2 DDR5 6400MHz 32GB 1条 即插","¥ 3399"," 已售200+ 200+人种草","格雷数码专营店"
"MGNC 英睿达 DDR5 笔记本电脑内存条 32G DDR5 5600 笔记本内存","¥ 2699"," 已售200+ 100%好评","镁光电脑配件专营店"
"适配神舟战神Z6Z7 K670 U45A1炫龙DD2 DC T3笔记本内存条8G 32G DDPro KP2 X55 X55TI KL","¥ 1529","已售200+","浩然电脑配件专营店"
"七彩虹32GB(16G*2) DDR5 4800 笔记本内存条","¥ 3099"," 已售1万+ 2700+人种草","七彩虹京东自营旗舰店"
"海力士笔记本DDR5五代4800 5600 6400频率内存条 DDR5/5600/32G单根","¥ 3299"," 已售100+ 100%好评","内存拼购店"
"联想（lenovo）拯救者笔记内存条 DDR5 5600 Y9000系列笔记本电脑扩展卡 适用华硕戴尔宏基惠普神州 神州战神GX8R9/GX9R9 32GB 1条","¥ 2699"," 14人看过 100%好评","信达电脑办公专营店"
"SK HYNIX海力士DDR5 7200MHz 笔记本内存条 7200MHz 32GB 1条","¥ 4599","100+人看过","SK HYNIX云购存储专卖店"
"GEIL 金邦 64GB(32GBx2) DDR5 5600 笔记本内存条 千禧系列","¥ 4799"," 已售1万+ 1400+人种草","GEIL存储京东自营旗舰店"
"联想（Lenovo）笔记本内存条 原装DDR3 DDR4 DDR5 扩容 【32G】笔记本DDR5 5600","¥ 3539"," 已售600+ 100%好评","联想科技专卖店"
"SK HYNIX海力士 DDR5 4800 5600 6400 笔记本内存条 原厂海力士Adie Mdie颗粒 32G(16G*2) DDR5 5600MHz连号","¥ 3399"," 已售1万+ 400+人种草","金颐内存专营店"
"疆珑i9灵龙6000内存条ddr5/6400/6800套条32g电竞64g台式机16gx2电脑24g海力士A-die/M颗粒C28助力AI 6400频 32GBx2 玄夜黑 C32 A代","¥ 7029","已售1000+","疆珑存储旗舰店"
"GEIL金邦 32G DDR5-5200 笔记本内存条 千禧系列","¥ 2389"," 已售1万+ 500+人种草","GEIL存储京东自营旗舰店"
"枭鲸 DDR5 16G/24G/32G 笔记本内存条 32GB DDR5 5600","¥ 2869"," 已售200+ 100%好评","肆悦数码专营店"
"RAMAXEL记忆科技 原厂 DDR5 PC5 4800 5600第五代笔记本一体机电脑内存条 5600 32G（16G ×2）笔记本内存","¥ 2198"," 56人看过 100%好评","优选存储经营部"
"SK HYNIX海力士ddr5 6400 笔记本内存条 迷你主机一体机 NAS 双通道adie颗粒 32G*2条 DDR5 6400 Adie颗粒","¥ 7198","62人看过","SK HYNIX云购存储专卖店"
"GEIL金邦 32GB(16GBx2) DDR5 5600 笔记本内存条 千禧系列","¥ 2599"," 已售1万+ 1900+人种草","GEIL存储京东自营旗舰店"
"GEIL金邦 笔记本内存条 DDR5 笔记本电脑内存条 第五代内存条 5600 5200 4800 MHZ 运行内存 笔记本 32G DDR5-5200","¥ 2389"," 已售7000+ 100+人种草","GEIL旗舰店"
"三星（SAMSUNG）笔记本内存条DDR5 6400/5600/4800 32G/16G/8G兼容联想 惠普华硕天选 电脑运行升级 畅快游戏 5600MHz DDR5 32GB 1条","¥ 3199"," 500+人看过 100%好评","天运电脑配件专营店"